{"cameraMode":{"drawMode":0,"name":"Shaded","section":"Shading Mode"},"sceneLighting":false,"audioPlay":false,"sceneViewState":{"m_AlwaysRefresh":false,"showFog":true,"showSkybox":false,"showFlares":true,"showImageEffects":true,"showParticleSystems":true,"showVisualEffectGraphs":true,"m_FxEnabled":true},"in2DMode":false,"pivot":{"x":-0.10285377502441406,"y":0.07536870241165161,"z":-0.009305059909820557},"rotation":{"x":-0.5316716432571411,"y":-0.40718770027160647,"z":0.3239092230796814,"w":-0.6683240532875061},"size":0.27149292826652529,"orthographic":false}