{"cameraMode":{"drawMode":0,"name":"Shaded","section":"Shading Mode"},"sceneLighting":false,"audioPlay":false,"sceneViewState":{"m_AlwaysRefresh":false,"showFog":true,"showSkybox":false,"showFlares":true,"showImageEffects":true,"showParticleSystems":true,"showVisualEffectGraphs":true,"m_FxEnabled":true},"in2DMode":false,"pivot":{"x":0.00004246830940246582,"y":0.03499871492385864,"z":-0.052710890769958499},"rotation":{"x":0.02815675362944603,"y":-0.5210404992103577,"z":0.01719970814883709,"w":0.8529003858566284},"size":0.19644306600093842,"orthographic":false}