{"cameraMode":{"drawMode":0,"name":"Shaded","section":"Shading Mode"},"sceneLighting":true,"audioPlay":false,"sceneViewState":{"m_AlwaysRefresh":false,"showFog":true,"showSkybox":true,"showFlares":true,"showImageEffects":true,"showParticleSystems":true,"showVisualEffectGraphs":true,"m_FxEnabled":true},"in2DMode":false,"pivot":{"x":0.25680971145629885,"y":0.4807868003845215,"z":-0.5399621725082398},"rotation":{"x":0.12753066420555116,"y":-0.4708080589771271,"z":0.06898202747106552,"w":0.8702701330184937},"size":0.23664844036102296,"orthographic":false}