{"cameraMode":{"drawMode":0,"name":"Shaded","section":"Shading Mode"},"sceneLighting":false,"audioPlay":false,"sceneViewState":{"m_AlwaysRefresh":false,"showFog":true,"showSkybox":false,"showFlares":true,"showImageEffects":true,"showParticleSystems":true,"showVisualEffectGraphs":true,"m_FxEnabled":true},"in2DMode":false,"pivot":{"x":0.026923740282654764,"y":0.045669522136449817,"z":-0.16828136146068574},"rotation":{"x":0.11970523744821549,"y":-0.011316941119730473,"z":0.0013639730168506504,"w":0.9927496314048767},"size":0.12178269773721695,"orthographic":false}