{"cameraMode":{"drawMode":0,"name":"Shaded","section":"Shading Mode"},"sceneLighting":false,"audioPlay":false,"sceneViewState":{"m_AlwaysRefresh":false,"showFog":true,"showSkybox":false,"showFlares":true,"showImageEffects":true,"showParticleSystems":true,"showVisualEffectGraphs":true,"m_FxEnabled":true},"in2DMode":false,"pivot":{"x":-0.4260050058364868,"y":0.2751809358596802,"z":-0.1007060706615448},"rotation":{"x":0.010247220285236836,"y":0.8150932192802429,"z":0.014419693499803543,"w":-0.5790759921073914},"size":0.5820785164833069,"orthographic":false}